[
	{
		"inputs": [
			{
				"internalType": "uint256",
				"name": "_proposalNum",
				"type": "uint256"
			},
			{
				"internalType": "string",
				"name": "_id",
				"type": "string"
			},
			{
				"internalType": "string",
				"name": "_name",
				"type": "string"
			}
		],
		"name": "addCandidate",
		"outputs": [],
		"stateMutability": "nonpayable",
		"type": "function"
	},
	{
		"inputs": [
			{
				"internalType": "string",
				"name": "_description",
				"type": "string"
			},
			{
				"internalType": "uint256",
				"name": "startTime",
				"type": "uint256"
			},
			{
				"internalType": "uint256",
				"name": "endTime",
				"type": "uint256"
			}
		],
		"name": "addProposal",
		"outputs": [
			{
				"internalType": "uint256",
				"name": "",
				"type": "uint256"
			}
		],
		"stateMutability": "nonpayable",
		"type": "function"
	},
	{
		"inputs": [
			{
				"internalType": "uint256",
				"name": "_proposalNum",
				"type": "uint256"
			}
		],
		"name": "endElection",
		"outputs": [],
		"stateMutability": "nonpayable",
		"type": "function"
	},
	{
		"inputs": [
			{
				"internalType": "address",
				"name": "_owner",
				"type": "address"
			}
		],
		"name": "transferOwner",
		"outputs": [],
		"stateMutability": "nonpayable",
		"type": "function"
	},
	{
		"inputs": [],
		"stateMutability": "nonpayable",
		"type": "constructor"
	},
	{
		"inputs": [
			{
				"internalType": "uint256",
				"name": "_proposalNum",
				"type": "uint256"
			},
			{
				"internalType": "string",
				"name": "_candidateId",
				"type": "string"
			}
		],
		"name": "vote",
		"outputs": [],
		"stateMutability": "nonpayable",
		"type": "function"
	},
	{
		"inputs": [
			{
				"internalType": "uint256",
				"name": "_proposalNum",
				"type": "uint256"
			}
		],
		"name": "getCandidates",
		"outputs": [
			{
				"components": [
					{
						"internalType": "string",
						"name": "id",
						"type": "string"
					},
					{
						"internalType": "string",
						"name": "name",
						"type": "string"
					},
					{
						"internalType": "uint256",
						"name": "voteCount",
						"type": "uint256"
					}
				],
				"internalType": "struct Voting.Candidate[]",
				"name": "",
				"type": "tuple[]"
			}
		],
		"stateMutability": "view",
		"type": "function"
	},
	{
		"inputs": [
			{
				"internalType": "uint256",
				"name": "_proposalNum",
				"type": "uint256"
			}
		],
		"name": "getProposal",
		"outputs": [
			{
				"components": [
					{
						"internalType": "uint256",
						"name": "proposalNum",
						"type": "uint256"
					},
					{
						"internalType": "string",
						"name": "description",
						"type": "string"
					},
					{
						"internalType": "uint256",
						"name": "electionStartTime",
						"type": "uint256"
					},
					{
						"internalType": "uint256",
						"name": "electionEndTime",
						"type": "uint256"
					},
					{
						"internalType": "uint256",
						"name": "totalVoteCount",
						"type": "uint256"
					},
					{
						"internalType": "bool",
						"name": "isActive",
						"type": "bool"
					}
				],
				"internalType": "struct Voting.Proposal",
				"name": "",
				"type": "tuple"
			}
		],
		"stateMutability": "view",
		"type": "function"
	},
	{
		"inputs": [
			{
				"internalType": "uint256",
				"name": "",
				"type": "uint256"
			},
			{
				"internalType": "address",
				"name": "",
				"type": "address"
			}
		],
		"name": "hasVotedOnProposal",
		"outputs": [
			{
				"internalType": "bool",
				"name": "",
				"type": "bool"
			}
		],
		"stateMutability": "view",
		"type": "function"
	},
	{
		"inputs": [],
		"name": "owner",
		"outputs": [
			{
				"internalType": "address",
				"name": "",
				"type": "address"
			}
		],
		"stateMutability": "view",
		"type": "function"
	},
	{
		"inputs": [
			{
				"internalType": "uint256",
				"name": "",
				"type": "uint256"
			},
			{
				"internalType": "uint256",
				"name": "",
				"type": "uint256"
			}
		],
		"name": "proposalCandidates",
		"outputs": [
			{
				"internalType": "string",
				"name": "id",
				"type": "string"
			},
			{
				"internalType": "string",
				"name": "name",
				"type": "string"
			},
			{
				"internalType": "uint256",
				"name": "voteCount",
				"type": "uint256"
			}
		],
		"stateMutability": "view",
		"type": "function"
	},
	{
		"inputs": [
			{
				"internalType": "uint256",
				"name": "",
				"type": "uint256"
			}
		],
		"name": "Proposals",
		"outputs": [
			{
				"internalType": "uint256",
				"name": "proposalNum",
				"type": "uint256"
			},
			{
				"internalType": "string",
				"name": "description",
				"type": "string"
			},
			{
				"internalType": "uint256",
				"name": "electionStartTime",
				"type": "uint256"
			},
			{
				"internalType": "uint256",
				"name": "electionEndTime",
				"type": "uint256"
			},
			{
				"internalType": "uint256",
				"name": "totalVoteCount",
				"type": "uint256"
			},
			{
				"internalType": "bool",
				"name": "isActive",
				"type": "bool"
			}
		],
		"stateMutability": "view",
		"type": "function"
	}
]